---
categories: [database, computer-science]
date created: 2023-06-27
date modified: 2023-07-10
title: DB Join
tags: [database, computer-science]
---

## Join lÃ  gÃ¬?

LÃ  cÃ¡ch Ä‘á»ƒ káº¿t há»£p hai báº£ng liÃªn quan vá»›i nhau thÃ´ng qua `khÃ³a chÃ­nh`-`khÃ³a ngoáº¡i` vÃ  táº¡o thÃ nh má»™t báº£ng duy nháº¥t trong `RDB`. ÄÃ¢y lÃ  vai trÃ² quan trá»ng nháº¥t khi sá»­ dá»¥ng `RDB` .

ChÃºng ta hÃ£y tÃ¬m hiá»ƒu cÃ¡ch káº¿t há»£p ba báº£ng: danh sÃ¡ch sÃ¡ch, danh sÃ¡ch tÃ¡c giáº£ cá»§a tá»«ng cuá»‘n sÃ¡ch vÃ  danh sÃ¡ch nhÃ  xuáº¥t báº£n cá»§a tá»«ng tÃ¡c giáº£. ChÃºng ta sáº½ tÃ¬m hiá»ƒu cÃ¡ch thá»±c hiá»‡n Ä‘iá»u nÃ y thÃ´ng qua má»™t vÃ­ dá»¥ sá»­ dá»¥ng MariaDB.

- Má»™t báº£ng chá»©a táº¥t cáº£ tÃªn sÃ¡ch, tÃ¡c giáº£ vÃ  nhÃ  xuáº¥t báº£n mÃ  khÃ´ng sá»­ dá»¥ng cÃ¡c liÃªn káº¿t

|id|book|author|publisher|
|---|---|---|---|
|1|Java|jimmy|malang|
|2|C/C#|jose|malang|
|3|Linear Algebra|tom|dandan|
|4|Calculus|jimmy|malang|
|5|SQL|NULL|NULL|

- Báº£ng danh sÃ¡ch sÃ¡ch

|book_id|name|author_id|
|---|---|---|
|1|Java|1|
|2|C/C#|2|
|3|Linear Algebra|3|
|4|Calculus|1|
|5|SQL|NULL|

- Báº£ng tÃ¡c giáº£

|author_id|name|publisher_id|
|---|---|---|
|1|jimmy|1|
|2|jose|1|
|3|tom|2|
|4|george|NULL|

- Báº£ng nhÃ  xuáº¥t báº£n  

| publisher_id | name     |
| ------------ | -------- |
| 1            | malang   |
| 2            | dandan   |
| 3            | moolcung |

**Báº¡n cÃ³ thá»ƒ táº¡o nhanh chÃ³ng mariadb container thÃ´ng qua docker**

```bash
# Create mariadb container
docker run -d --name mariadb -p 3306:3306 -e MARIADB_ROOT_PASSWORD=secret mariadb:latest

# Connect to db in terminal
docker exec -it mariadb mariadb -uroot -psecret

# Create database for test
MariaDB [(none)]> CREATE DATABASE join_example;
```

NgoÃ i ra báº¡n cÃ³ thá»ƒ dÃ¹ng cÃ¡c pháº§n má»m quáº£n lÃ½ database náº¿u chÆ°a quen vá»›i command line hay terminal. CÃ³ khÃ¡ nhiá»u pháº§n má»m nhÆ°ng tÃ´i Ä‘á» xuáº¥t [[Table Plus]].

## ðŸ–‡ï¸Â 1. Inner Join

- Inner Join lÃ  má»™t phÃ©p toÃ¡n tÆ°Æ¡ng tá»± nhÆ° phÃ©p giao (intersection) trong táº­p há»£p
- NÃ³ cho phÃ©p chÃºng ta chá»‰ láº¥y nhá»¯ng báº£n ghi há»£p lá»‡ mÃ  cÃ³ giÃ¡ trá»‹ liÃªn quan trong cáº£ hai báº£ng mÃ  chÃºng ta muá»‘n káº¿t há»£p. Báº¥t ká»³ báº£n ghi nÃ o cÃ³ giÃ¡ trá»‹ NULL hoáº·c khÃ´ng cÃ³ liÃªn quan sáº½ bá»‹ loáº¡i bá».
- CÃ³ hai cÃ¡ch Ä‘á»ƒ thá»±c hiá»‡n `Inner Join`: `Explicit Inner Join` vÃ  `Implicit Inner Join`. Káº¿t quáº£ cá»§a cáº£ hai cÃ¡ch nÃ y lÃ  giá»‘ng nhau, nhÆ°ng cÃ³ má»™t sá»‘ khÃ¡c biá»‡t vá» cÃº phÃ¡p.

### Explicit Inner Join

- CÃº phÃ¡p

```sql
SELECT {columns} 
FROM {tableA} INNER JOIN {tableB} 
  ON {join condition} 
WHERE {optional conditions};
```

### Implicit Inner Join

- CÃº phÃ¡p

```sql
SELECT {columns} 
FROM {tableA}, {tableB} 
WHERE {join condition} 
  AND {optional conditions};
```

### VÃ­ dá»¥ sá»­ dá»¥ng

- Báº£ng sÃ¡ch + Báº£ng tÃ¡c giáº£

```bash
MariaDB [join_example]> SELECT *
    -> FROM book INNER JOIN author
    -> ON book.author_id = author.author_id;
+---------+----------------+-----------+-----------+-------+--------------+
| book_id | name           | author_id | author_id | name  | publisher_id |
+---------+----------------+-----------+-----------+-------+--------------+
|       1 | Java           |         1 |         1 | jimmy |            1 |
|       2 | C/C#           |         2 |         2 | jose  |            1 |
|       3 | Linear Algebra |         3 |         3 | tom   |            2 |
|       4 | Calculus       |         1 |         1 | jimmy |            1 |
+---------+----------------+-----------+-----------+-------+--------------+
4 rows in set (0.002 sec)
```

> SÃ¡ch `SQL` cÃ³ giÃ¡ trá»‹ `author_id` lÃ  `NULL` bá»‹ loáº¡i khá»i danh sÃ¡ch sÃ¡ch vÃ  `george` bá»‹ loáº¡i khá»i danh sÃ¡ch tÃ¡c giáº£ vÃ¬ khÃ´ng cÃ³ cuá»‘n sÃ¡ch nÃ o mÃ  `george` Ä‘Æ°á»£c Ä‘Äƒng kÃ½ lÃ  tÃ¡c giáº£.

- Báº£ng sÃ¡ch + Báº£ng tÃ¡c giáº£ + Báº£ng nhÃ  xuáº¥t báº£n

```bash
MariaDB [join_example]> SELECT * 
    -> FROM book INNER JOIN author 
    -> ON book.author_id = author.author_id
    -> INNER JOIN publisher
    -> ON author.publisher_id = publisher.publisher_id;
+---------+----------------+-----------+-----------+-------+--------------+--------------+--------+
| book_id | name           | author_id | author_id | name  | publisher_id | publisher_id | name   |
+---------+----------------+-----------+-----------+-------+--------------+--------------+--------+
|       1 | Java           |         1 |         1 | jimmy |            1 |            1 | malang |
|       2 | C/C#           |         2 |         2 | jose  |            1 |            1 | malang |
|       3 | Linear Algebra |         3 |         3 | tom   |            2 |            2 | dandan |
|       4 | Calculus       |         1 |         1 | jimmy |            1 |            1 | malang |
+---------+----------------+-----------+-----------+-------+--------------+--------------+--------+
4 rows in set (0.002 sec)
```

> Theo nguyÃªn táº¯c tÆ°Æ¡ng tá»±, vÃ¬ khÃ´ng cÃ³ tÃ¡c giáº£ nÃ o liÃªn káº¿t vá»›i nhÃ  xuáº¥t báº£n `moolcung`, nÃ³ Ä‘Ã£ bá»‹ loáº¡i khá»i Ä‘áº§u ra.

- Chá»‰ xuáº¥t cÃ¡c báº£n ghi cÃ³ tÃªn tÃ¡c giáº£ lÃ  `jimmy` tá»« báº£ng Ä‘Ã£ join

```bash
MariaDB [join_example]> SELECT *
    -> FROM book INNER JOIN author 
    -> ON book.author_id = author.author_id
    -> INNER JOIN publisher
    -> ON author.publisher_id = publisher.publisher_id
    -> WHERE author.name = 'jimmy';
+---------+----------+-----------+-----------+-------+--------------+--------------+--------+
| book_id | name     | author_id | author_id | name  | publisher_id | publisher_id | name   |
+---------+----------+-----------+-----------+-------+--------------+--------------+--------+
|       1 | Java     |         1 |         1 | jimmy |            1 |            1 | malang |
|       4 | Calculus |         1 |         1 | jimmy |            1 |            1 | malang |
+---------+----------+-----------+-----------+-------+--------------+--------------+--------+
2 rows in set (0.006 sec)
```

- Khi phÃ©p chiáº¿u Ä‘Æ°á»£c Ã¡p dá»¥ng

```bash
MariaDB [join_example]> SELECT  
    -> book.book_id AS id,
    -> book.name AS book,
    -> author.name AS author,
    -> publisher.name AS publisher
    -> FROM book INNER JOIN author
    -> ON book.author_id = author.author_id
    -> INNER JOIN publisher
    -> ON author.publisher_id = publisher.publisher_id
    -> WHERE author.name = 'jimmy';
+----+----------+--------+-----------+
| id | book     | author | publisher |
+----+----------+--------+-----------+
|  1 | Java     | jimmy  | malang    |
|  4 | Calculus | jimmy  | malang    |
+----+----------+--------+-----------+
2 rows in set (0.002 sec)
```

## ðŸ”— 2. Outer Join

`Outer Join` lÃ  má»™t phÃ©p toÃ¡n káº¿t há»£p cho phÃ©p láº¥y táº¥t cáº£ cÃ¡c báº£n ghi tá»« má»™t hoáº·c cáº£ hai báº£ng dá»±a trÃªn Ä‘iá»u kiá»‡n liÃªn quan. Outer Join Ä‘Æ°á»£c chia thÃ nh ba loáº¡i: `Left Join`, `Right Join` vÃ  `Full Join`.

### Left/Right Join

Cho phÃ©p láº¥y táº¥t cáº£ cÃ¡c báº£n ghi tá»« báº£ng gá»‘c (báº£ng trÃ¡i hoáº·c báº£ng pháº£i) vÃ  káº¿t há»£p chÃºng vá»›i cÃ¡c báº£n ghi tÆ°Æ¡ng á»©ng tá»« báº£ng liÃªn quan. Náº¿u khÃ´ng cÃ³ báº£n ghi tÆ°Æ¡ng á»©ng vá»›i báº£ng cÆ¡ sá»Ÿ trong báº£ng liÃªn quan, cÃ¡c trÆ°á»ng sáº½ Ä‘Æ°á»£c Ä‘iá»n báº±ng giÃ¡ trá»‹ `NULL`.

- CÃº phÃ¡p

```sql
SELECT {columns} 
FROM {tableA} {LEFT | RIGHT} JOIN {tableB} 
  ON {join condition} 
WHERE {optional conditions}
```

#### VÃ­ dá»¥ sá»­ dá»¥ng

- SÃ¡ch + TÃ¡c giáº£ / Báº£ng cÆ¡ sá»Ÿ: `book`

```bash
MariaDB [join_example]> SELECT *
    -> FROM book LEFT OUTER JOIN author
    -> ON book.author_id = author.author_id;
+---------+----------------+-----------+-----------+-------+--------------+
| book_id | name           | author_id | author_id | name  | publisher_id |
+---------+----------------+-----------+-----------+-------+--------------+
|       1 | Java           |         1 |         1 | jimmy |            1 |
|       2 | C/C#           |         2 |         2 | jose  |            1 |
|       3 | Linear Algebra |         3 |         3 | tom   |            2 |
|       4 | Calculus       |         1 |         1 | jimmy |            1 |
|       5 | SQL            |      NULL |      NULL | NULL  |         NULL |
+---------+----------------+-----------+-----------+-------+--------------+
5 rows in set (0.040 sec)
```

> SÃ¡ch SQL trong báº£ng cÆ¡ sá»Ÿ chá»©a Ä‘áº§y thÃ´ng tin tÃ¡c giáº£ vá»›i NULL.

- SÃ¡ch + TÃ¡c giáº£ + NhÃ  xuáº¥t báº£n / Báº£ng cÆ¡ sá»Ÿ: `author`

```bash
MariaDB [join_example]> SELECT *
  -> FROM book RIGHT OUTER  JOIN author 
  -> ON book.author_id = author.author_id
  -> LEFT OUTER JOIN publisher
  -> ON author.publisher_id = publisher.publisher_id;
+---------+----------------+-----------+-----------+--------+--------------+--------------+--------+
| book_id | name           | author_id | author_id | name   | publisher_id | publisher_id | name   |
+---------+----------------+-----------+-----------+--------+--------------+--------------+--------+
|       1 | Java           |         1 |         1 | jimmy  |            1 |            1 | malang |
|       2 | C/C#           |         2 |         2 | jose   |            1 |            1 | malang |
|       3 | Linear Algebra |         3 |         3 | tom    |            2 |            2 | dandan |
|       4 | Calculus       |         1 |         1 | jimmy  |            1 |            1 | malang |
|    NULL | NULL           |      NULL |         4 | george |         NULL |         NULL | NULL   |
+---------+----------------+-----------+-----------+--------+--------------+--------------+--------+
5 rows in set (0.042 sec)
```

> CÃ¡c cá»™t cÃ²n láº¡i trong hÃ ng tÆ°Æ¡ng á»©ng vá»›i tÃ¡c giáº£ `george` cá»§a báº£ng cÆ¡ sá»Ÿ Ä‘Æ°á»£c Ä‘iá»n báº±ng `NULL`.

- Ãp dá»¥ng phÃ©p chiáº¿u

```bash
MariaDB [join_example]> SELECT 
  -> book_id AS id,
  -> book.name AS book,
  -> author.name AS author,
  -> publisher.name AS publisher
  -> FROM book RIGHT OUTER JOIN author
  -> ON book.author_id = author.author_id
  -> LEFT OUTER JOIN publisher
  -> ON author.publisher_id = publisher.publisher_id;
+------+----------------+--------+-----------+
| id   | book           | author | publisher |
+------+----------------+--------+-----------+
|    1 | Java           | jimmy  | malang    |
|    2 | C/C#           | jose   | malang    |
|    3 | Linear Algebra | tom    | dandan    |
|    4 | Calculus       | jimmy  | malang    |
| NULL | NULL           | george | NULL      |
+------+----------------+--------+-----------+
5 rows in set (0.006 sec)
```

### Full Outer Join

Cho phÃ©p láº¥y táº¥t cáº£ cÃ¡c báº£n ghi tá»« cáº£ hai báº£ng dá»±a trÃªn Ä‘iá»u kiá»‡n liÃªn quan. Tuy nhiÃªn, há»— trá»£ Full Outer Join cÃ³ thá»ƒ khÃ¡c nhau giá»¯a cÃ¡c `DBMS`. `Oracle` há»— trá»£ cÃº phÃ¡p `Full Outer Join`, nhÆ°ng `Mysql/MariaDB` khÃ´ng há»— trá»£ nÃ³, vÃ¬ váº­y pháº£i sá»­ dá»¥ng cÃº phÃ¡p `UNION` Ä‘á»ƒ thá»±c hiá»‡n tÆ°Æ¡ng tá»±.

- CÃº phÃ¡p:

```sql
SELECT {columns} 
FROM {tableA} FULL OUTER JOIN {tableB}
  ON {join condition}

// mysql
{LFET OUTER JOIN Query}
UNION
{RIGHT OUTER JOIN Query}
```

#### VÃ­ dá»¥ sá»­ dá»¥ng

- SÃ¡ch + TÃ¡c giáº£

```bash
MariaDB [join_example]> SELECT * 
    -> FROM book LEFT OUTER JOIN author 
    -> ON book.author_id = author.author_id
    -> UNION
    -> SELECT * 
    -> FROM book RIGHT OUTER JOIN author 
    -> ON book.author_id = author.author_id;
+---------+----------------+-----------+-----------+--------+--------------+
| book_id | name           | author_id | author_id | name   | publisher_id |
+---------+----------------+-----------+-----------+--------+--------------+
|       1 | Java           |         1 |         1 | jimmy  |            1 |
|       2 | C/C#           |         2 |         2 | jose   |            1 |
|       3 | Linear Algebra |         3 |         3 | tom    |            2 |
|       4 | Calculus       |         1 |         1 | jimmy  |            1 |
|       5 | SQL            |      NULL |      NULL | NULL   |         NULL |
|    NULL | NULL           |      NULL |         4 | george |         NULL |
+---------+----------------+-----------+-----------+--------+--------------+
6 rows in set (0.022 sec)
```

## ðŸ‘€Â 3. Truy váº¥n Join theo sÆ¡ Ä‘á»“ Ven

### Left Join

![Pasted image 20230629225652](https://raw.githubusercontent.com/vanhung4499/images/master/snap/Pasted%20image%2020230629225652.png)

```sql
SELECT {columns} 
FROM {tableA} LEFT OUTER JOIN {tableB} 
  ON {join condition};
```

### Right Join

![Pasted image 20230629225720](https://raw.githubusercontent.com/vanhung4499/images/master/snap/Pasted%20image%2020230629225720.png)

```sql
SELECT {columns} 
FROM {tableA} RIGHT OUTER JOIN {tableB} 
  ON {join condition};
```

### Inner Join

![Pasted image 20230629225811](https://raw.githubusercontent.com/vanhung4499/images/master/snap/Pasted%20image%2020230629225811.png)

```sql
SELECT {columns} 
FROM {tableA} RIGHT OUTER JOIN {tableB} 
  ON {join condition};
```

### Full Outer Join

![Pasted image 20230629225856](https://raw.githubusercontent.com/vanhung4499/images/master/snap/Pasted%20image%2020230629225856.png)

```sql
SELECT {columns} 
FROM {tableA} FULL OUTER JOIN {tableB} 
  ON {join condition};

//or

SELECT {columns} 
FROM {tableA} LEFT OUTER JOIN {tableB} 
  ON {join condition}
UNION
SELECT {columns} 
FROM {tableA} RIGHT OUTER JOIN {tableB} 
  ON {join condition};
```

### Left Outer Join

![Pasted image 20230629225925](https://raw.githubusercontent.com/vanhung4499/images/master/snap/Pasted%20image%2020230629225925.png)

```sql
SELECT {columns} 
FROM {tableA} LEFT OUTER JOIN {tableB} 
  ON {join condition} 
WHERE {tableB.col} IS NULL;
```

### Right Outer Join

![Pasted image 20230629230001](https://raw.githubusercontent.com/vanhung4499/images/master/snap/Pasted%20image%2020230629230001.png)

```sql
SELECT {columns} 
FROM {tableA} RIGHT OUTER JOIN {tableB} 
  ON {join condition} 
WHERE {tableA.col} IS NULL;
```

### Left + Right Outer Join

![Pasted image 20230629230018](https://raw.githubusercontent.com/vanhung4499/images/master/snap/Pasted%20image%2020230629230018.png)

```sql
SELECT {columns} 
FROM {tableA} FULL OUTER JOIN {tableB} 
  ON {join condition} 
WHERE {tableA.col} IS NULL OR {tableB.col} IS NULL

// or

SELECT {columns} 
FROM {tableA} LEFT OUTER JOIN {tableB} 
  ON {join condition} 
WHERE {tableB.col} IS NULL
UNION
SELECT {columns} 
FROM {tableA} RIGHT OUTER JOIN {tableB} 
  ON {join condition} 
WHERE {tableA.col} IS NULL;
```
